{
  "CAND_0094025": -8.794160842895508,
  "CAND_0066309": -5.971152305603027,
  "CAND_0047682": -6.057504653930664,
  "CAND_0010655": -5.199491500854492,
  "CAND_0058517": -6.330021858215332,
  "CAND_0005311": -8.578622817993164,
  "CAND_0061244": -8.888314247131348,
  "CAND_0001707": -8.581433296203613,
  "CAND_0070525": -6.241111755371094,
  "CAND_0054100": -7.967442035675049,
  "CAND_0026640": -9.073225021362305,
  "CAND_0066713": -7.474043369293213,
  "CAND_0008297": -5.349030494689941,
  "CAND_0007631": -5.955874919891357,
  "CAND_0073007": -5.825066089630127,
  "CAND_0008943": -6.486611366271973,
  "CAND_0098780": -6.083988189697266,
  "CAND_0035653": -8.234013557434082,
  "CAND_0057736": -7.74844217300415,
  "CAND_0021486": -9.133581161499023,
  "CAND_0071939": -9.361716270446777,
  "CAND_0019159": -8.638677597045898,
  "CAND_0049217": -7.898589611053467,
  "CAND_0087766": -7.863466739654541,
  "CAND_0062009": -8.920433044433594,
  "CAND_0021836": -9.346541404724121,
  "CAND_0070485": -6.24435567855835,
  "CAND_0008517": -8.233988761901855,
  "CAND_0006821": -7.938664436340332,
  "CAND_0068081": -5.382821083068848,
  "CAND_0005509": -8.856722831726074,
  "CAND_0002025": -3.227726697921753,
  "CAND_0099581": -8.547444343566895,
  "CAND_0003506": -5.131296157836914,
  "CAND_0003791": -5.624387741088867,
  "CAND_0036184": -5.799698829650879,
  "CAND_0081480": -5.395288467407227,
  "CAND_0000165": -8.14190673828125,
  "CAND_0023541": -6.0015106201171875,
  "CAND_0010408": -5.398679733276367,
  "CAND_0029671": -8.0380859375,
  "CAND_0081321": -7.557455539703369,
  "CAND_0046064": -3.575310707092285,
  "CAND_0080589": -7.927060127258301,
  "CAND_0031703": -6.158742427825928,
  "CAND_0008049": -9.087519645690918,
  "CAND_0065139": -6.300124645233154,
  "CAND_0062184": -7.81707763671875,
  "CAND_0065501": -7.881298065185547,
  "CAND_0069638": -5.145523548126221,
  "CAND_0035315": -5.566437244415283,
  "CAND_0070398": -6.179111957550049,
  "CAND_0081709": -8.39268684387207,
  "CAND_0032216": -5.447384834289551,
  "CAND_0003100": -5.942786693572998,
  "CAND_0096172": -5.760849952697754,
  "CAND_0071974": -3.76423978805542,
  "CAND_0044883": -5.6113600730896,
  "CAND_0046525": -4.126742839813232,
  "CAND_0033839": -6.314770698547363,
  "CAND_0025663": -8.727386474609375,
  "CAND_0044135": -8.910849571228027,
  "CAND_0008425": -4.203455448150635,
  "CAND_0063622": -6.14148473739624,
  "CAND_0088385": -5.680300235748291,
  "CAND_0011687": -4.808412551879883,
  "CAND_0043384": -5.596321105957031,
  "CAND_0072670": -8.688843727111816,
  "CAND_0061265": -5.843779563903809,
  "CAND_0018722": -5.682051658630371,
  "CAND_0049540": -5.883906364440918,
  "CAND_0075249": -5.331339359283447,
  "CAND_0094056": -6.173120498657227,
  "CAND_0005260": -4.018171787261963,
  "CAND_0028108": -5.945892810821533,
  "CAND_0086801": -8.663433074951172,
  "CAND_0065786": -8.400556564331055,
  "CAND_0087783": -6.366327285766602,
  "CAND_0078785": -5.780041217803955,
  "CAND_0036604": -8.204402923583984,
  "CAND_0074098": -6.350413799285889,
  "CAND_0055905": -4.278782844543457,
  "CAND_0048469": -7.152766227722168,
  "CAND_0010685": -5.9461870193481445,
  "CAND_0097079": -6.564285755157471,
  "CAND_0002344": -6.545625686645508,
  "CAND_0011707": -8.737942695617676,
  "CAND_0088602": -6.162893772125244,
  "CAND_0065277": -8.070005416870117,
  "CAND_0040887": -5.899234771728516,
  "CAND_0001056": -8.596384048461914,
  "CAND_0008092": -8.807540893554688,
  "CAND_0054829": -7.772102355957031,
  "CAND_0086151": -5.440566062927246,
  "CAND_0013613": -6.134708881378174,
  "CAND_0033350": -8.44706916809082,
  "CAND_0062247": -5.601157188415527,
  "CAND_0046526": -6.012397289276123,
  "CAND_0052744": -8.489681243896484,
  "CAND_0052257": -8.188811302185059,
  "CAND_0043860": -6.06103515625,
  "CAND_0046313": -6.015446662902832,
  "CAND_0014683": -5.8946943283081055,
  "CAND_0060315": -8.059229850769043,
  "CAND_0007411": -5.114199638366699,
  "CAND_0015493": -9.019401550292969,
  "CAND_0061819": -8.348003387451172,
  "CAND_0037160": -8.06509780883789,
  "CAND_0012888": -5.580496788024902,
  "CAND_0069232": -5.936680793762207,
  "CAND_0027801": -5.73686408996582,
  "CAND_0067643": -7.864396095275879,
  "CAND_0011065": -7.862614154815674,
  "CAND_0012805": -8.374984741210938,
  "CAND_0060468": -5.582244873046875,
  "CAND_0090584": -6.166857719421387,
  "CAND_0024947": -5.828906059265137,
  "CAND_0092568": -6.1051788330078125,
  "CAND_0054123": -5.801198959350586,
  "CAND_0080344": -8.540014266967773,
  "CAND_0072195": -5.958771705627441,
  "CAND_0047492": -6.544241905212402,
  "CAND_0080291": -6.257132053375244,
  "CAND_0045475": -6.331079483032227,
  "CAND_0030643": -5.935108184814453,
  "CAND_0069503": -8.339592933654785,
  "CAND_0032955": -5.598116874694824,
  "CAND_0026610": -8.374271392822266,
  "CAND_0003599": -9.033979415893555,
  "CAND_0041625": -7.938109874725342,
  "CAND_0021973": -8.30079460144043,
  "CAND_0018246": -9.210075378417969,
  "CAND_0067091": -8.161294937133789,
  "CAND_0086028": -5.870934963226318,
  "CAND_0052431": -7.943924903869629,
  "CAND_0001131": -8.057024002075195,
  "CAND_0033445": -9.35774040222168,
  "CAND_0058504": -8.756773948669434,
  "CAND_0039983": -9.150697708129883,
  "CAND_0034148": -8.976333618164062,
  "CAND_0070225": -6.346571445465088,
  "CAND_0005269": -5.874260425567627,
  "CAND_0033352": -6.239636421203613,
  "CAND_0067535": -8.671440124511719,
  "CAND_0082086": -6.201710224151611,
  "CAND_0021014": -9.255809783935547,
  "CAND_0022413": -6.10214900970459,
  "CAND_0054703": -8.261458396911621,
  "CAND_0093401": -5.433738708496094,
  "CAND_0018499": -4.2551469802856445,
  "CAND_0033842": -8.460535049438477,
  "CAND_0030155": -9.031524658203125,
  "CAND_0078810": -5.411553382873535,
  "CAND_0030946": -8.810331344604492,
  "CAND_0008202": -6.224009037017822,
  "CAND_0061156": -5.783486366271973,
  "CAND_0047542": -8.468243598937988,
  "CAND_0022614": -8.417742729187012,
  "CAND_0043430": -8.732803344726562,
  "CAND_0066798": -5.410332679748535,
  "CAND_0033861": -3.748760223388672,
  "CAND_0051630": -5.965948104858398,
  "CAND_0002770": -8.9708251953125,
  "CAND_0000969": -9.04507064819336,
  "CAND_0002037": -6.016657829284668,
  "CAND_0007009": -5.988550662994385,
  "CAND_0005685": -8.643535614013672,
  "CAND_0047907": -8.72252082824707,
  "CAND_0073385": -8.648750305175781,
  "CAND_0050454": -5.206421852111816,
  "CAND_0089381": -5.430967807769775,
  "CAND_0018961": -5.3494720458984375,
  "CAND_0016170": -5.238959312438965,
  "CAND_0004402": -5.3722310066223145,
  "CAND_0041083": -5.467702865600586,
  "CAND_0091899": -7.551723957061768,
  "CAND_0029135": -8.838066101074219,
  "CAND_0057563": -5.579838752746582,
  "CAND_0069905": -5.734490394592285,
  "CAND_0008218": -6.065641403198242,
  "CAND_0027691": -5.824688911437988,
  "CAND_0076251": -5.101565837860107,
  "CAND_0015057": -6.477848052978516,
  "CAND_0064664": -6.549662113189697,
  "CAND_0067605": -8.507746696472168,
  "CAND_0011095": -5.364995956420898,
  "CAND_0024203": -8.195945739746094,
  "CAND_0080315": -5.3280792236328125,
  "CAND_0001608": -5.993742942810059,
  "CAND_0099965": -8.36356258392334,
  "CAND_0056617": -6.243658065795898,
  "CAND_0096589": -6.288699150085449,
  "CAND_0033303": -8.05917739868164,
  "CAND_0016432": -8.844841957092285,
  "CAND_0068040": -8.525160789489746,
  "CAND_0089889": -6.132397651672363,
  "CAND_0025109": -6.406173229217529,
  "CAND_0096409": -8.262629508972168,
  "CAND_0068596": -8.257637023925781,
  "CAND_0021490": -8.02109146118164,
  "CAND_0003977": -5.656577110290527,
  "CAND_0046459": -8.61082649230957,
  "CAND_0071205": -8.482126235961914,
  "CAND_0020708": -5.733082294464111,
  "CAND_0006354": -5.898040771484375,
  "CAND_0037117": -8.384024620056152,
  "CAND_0090093": -6.2816386222839355,
  "CAND_0018454": -5.903147220611572,
  "CAND_0030348": -5.645931243896484,
  "CAND_0076904": -6.099637031555176,
  "CAND_0064331": -5.377378463745117,